State,Full Name
Kentucky,Michael Smith
California,Christopher Johnson
Florida,Jessica Williams
North Carolina,Matthew Brown
Washington,Ashley Jones
Texas,Jennifer Garcia
Wisconsin,Joshua Miller
Utah,Amanda Davis
Nebraska,Daniel Rodriguez
Pennsylvania,David Martinez
Illinois,James Hernandez
Minnesota,Robert Lopez
Michigan,John Gonzalez
Delaware,Joseph Wilson
Indiana,Andrew Anderson
New York,Ryan Thomas
Arizona,Brandon Taylor
Virginia,Jason Moore
Tennessee,Justin Jackson
Alabama,Sarah Martin
South Carolina,William Lee
Oregon,Jonathan Perez
Colorado,Stephanie Thompson
Iowa,Brian White
Ohio,Nicole Harris
Missouri,Nicholas Sanchez
Oklahoma,Anthony Clark
New Mexico,Heather Ramirez
Louisiana,Eric Lewis
Connecticut,Elizabeth Robinson
New Jersey,Adam Walker
Massachusetts,Megan Young
Georgia,Melissa Allen
Nevada,Kevin King
Rhode Island,Steven Wright
Mississippi,Thomas Scott
Arkansas,Timothy Torres
Montana,Christina Nguyen
New Hampshire,Kyle Hill
Maryland,Rachel Flores
District of Columbia,Laura Green
Kansas,Lauren Adams
Vermont,Amber Nelson
Maine,Brittany Baker
South Dakota,Danielle Hall
Idaho,Richard Rivera
North Dakota,Kimberly Campbell
Wyoming,Jeffrey Mitchell
West Virginia,Amy Carter